<?xml version="1.0" encoding="UTF-8"?>
<!DOCTYPE configuration PUBLIC "-//mybatis.org//DTD Config 3.0//EN"
        "http://mybatis.org/dtd/mybatis-3-config.dtd">

<configuration>
    <!-- 开启驼峰规则与下划线间的映射关系 -->
    <settings>
        <setting name="mapUnderscoreToCamelCase" value="true"/>
        <!-- mybatis3的 SQL日志打印方式 -->
        <setting name="logImpl" value="STDOUT_LOGGING"/>
    </settings>

    <plugins>
        <!-- com.github.pagehelper 为 PageHelper 类所在包名 -->
        <plugin interceptor="com.github.pagehelper.PageHelper">
            <!-- 设置数据库类型 Oracle,Mysql,MariaDB,SQLite,Hsqldb,PostgreSQL 六种数据库-->
            <property name="dialect" value="mysql"/>
        </plugin>
    </plugins>

</configuration>